{
  "version": 1,
  "author": "Anonymous maker",
  "editor": "wokwi",
  "parts": [
    { "type": "board-esp32-devkit-c-v4", "id": "esp", "top": 0, "left": 33.64, "attrs": {} },
    { "type": "chip-gas-sensor", "id": "chip1", "top": -8.58, "left": -292.8, "attrs": {} },
    { "type": "wokwi-hc-sr04", "id": "ultrasonic1", "top": -180.9, "left": 187.9, "attrs": {} },
    {
      "type": "wokwi-hx711",
      "id": "cell1",
      "top": 165.8,
      "left": -295,
      "attrs": { "type": "5kg" }
    },
    { "type": "board-ds18b20", "id": "temp1", "top": -173.93, "left": -111.12, "attrs": {} },
    { "type": "wokwi-mpu6050", "id": "imu1", "top": -216.98, "left": 40.72, "attrs": {} },
    { "type": "chip-npc-reader", "id": "chip2", "top": -75.78, "left": -292.8, "attrs": {} },
    { "type": "chip-gps-module", "id": "chip3", "top": 87.42, "left": -292.8, "attrs": {} },
    { "type": "chip-camera", "id": "chip4", "top": 317.82, "left": 4.8, "attrs": {} },
    { "type": "chip-5g-module", "id": "chip5", "top": 317.82, "left": 225.6, "attrs": {} }
  ],
  "connections": [
    [ "esp:TX", "$serialMonitor:RX", "", [] ],
    [ "esp:RX", "$serialMonitor:TX", "", [] ],
    [ "ultrasonic1:VCC", "esp:5V", "red", [ "v316.8", "h-278.4", "v-28.8" ] ],
    [ "ultrasonic1:GND", "esp:GND.1", "black", [ "v345.6", "h-327.6", "v-96" ] ],
    [ "ultrasonic1:TRIG", "esp:18", "green", [ "v0" ] ],
    [ "ultrasonic1:ECHO", "esp:19", "green", [ "v0" ] ],
    [ "cell1:VCC", "esp:3V3", "red", [ "h-38.4", "v115.2", "h268.8", "v-307.2" ] ],
    [ "cell1:GND", "esp:GND.1", "black", [ "h-19.2", "v114.9", "h259.2", "v-153.6" ] ],
    [ "cell1:DT", "esp:26", "orange", [ "h-28.8", "v114.7", "h288", "v-201.6", "h67.2" ] ],
    [ "cell1:SCK", "esp:27", "green", [ "h-48", "v8.8" ] ],
    [ "chip2:RX", "esp:16", "orange", [ "h280.21", "v0", "h57.6", "v201.6" ] ],
    [ "chip2:TX", "esp:17", "yellow", [ "h347.41", "v9.6" ] ],
    [ "chip1:GND", "esp:GND.1", "black", [ "h-33.6", "v10.62" ] ],
    [ "chip1:VCC", "esp:3V3", "red", [ "h-28.8", "v-19.2", "h355.2" ] ],
    [ "chip1:TX", "esp:21", "green", [ "v-48", "h328.21", "v105.6" ] ],
    [ "chip2:VCC", "esp:3V3", "red", [ "h-19.2", "v28.8", "h345.6" ] ],
    [ "chip2:GND", "esp:GND.1", "black", [ "h0", "v38.4", "h307.2", "v172.8" ] ],
    [ "chip3:VCC", "esp:3V3", "red", [ "h0", "v-57.6" ] ],
    [ "chip3:GND", "esp:GND.1", "black", [ "h-9.6", "v-38.4", "h316.8", "v86.4" ] ],
    [ "chip3:RX", "esp:21", "orange", [ "h184.21", "v-144", "h182.4", "v124.8" ] ],
    [ "chip3:TX", "esp:22", "yellow", [ "v0", "h107.41", "v-192", "h288", "v144" ] ],
    [ "chip4:VCC", "esp:3V3", "red", [ "h-19.2", "v-297.6" ] ],
    [ "chip4:GND", "esp:GND.1", "black", [ "h-28.8", "v-182.4" ] ],
    [ "chip4:RX", "esp:22", "orange", [ "h49.81", "v-278.4", "h9.6" ] ],
    [ "chip4:TX", "esp:23", "yellow", [ "v0", "h30.61", "v-297.6" ] ],
    [ "chip5:VCC", "esp:3V3", "red", [ "h-38.4", "v-76.8", "h-259.2", "v-220.8" ] ],
    [ "chip5:GND", "esp:GND.2", "black", [ "h-38.4", "v-307.2", "h-48" ] ],
    [ "chip5:RX", "esp:25", "yellow", [ "h69.01", "v-105.6", "h-393.6", "v-163.2" ] ],
    [ "chip5:TX", "esp:26", "orange", [ "v0", "h30.61", "v28.8", "h-384", "v-249.6" ] ],
    [ "temp1:GND", "esp:GND.1", "black", [ "v0" ] ],
    [ "temp1:DQ", "esp:4", "green", [ "v19.2", "h268.8", "v259.2" ] ],
    [ "temp1:VCC", "esp:3V3", "red", [ "v0" ] ],
    [ "imu1:VCC", "esp:3V3", "red", [ "v-38.4", "h-143.92", "v278.4" ] ],
    [ "imu1:GND", "esp:GND.1", "black", [ "v-28.8", "h-115.12", "v393.6" ] ],
    [ "imu1:SCL", "esp:22", "green", [ "v-28.8", "h57.68", "v307.2" ] ],
    [ "imu1:SDA", "esp:21", "green", [ "v-57.6", "h96.08", "v384" ] ]
  ],
  "dependencies": {}
}