{
  "version": 1,
  "author": "Anonymous maker",
  "editor": "wokwi",
  "parts": [
    { "type": "wokwi-esp32-devkit-v1", "id": "esp", "top": -4.9, "left": -14.6, "attrs": {} },
    { "type": "wokwi-hc-sr04", "id": "ultrasonic1", "top": -56.1, "left": -234.5, "attrs": {} },
    {
      "type": "wokwi-resistor",
      "id": "r1",
      "top": 41.76,
      "left": 230.21,
      "attrs": { "value": "1000" }
    },
    {
      "type": "wokwi-resistor",
      "id": "r2",
      "top": 83.33,
      "left": 231.09,
      "attrs": { "value": "1000" }
    },
    {
      "type": "wokwi-resistor",
      "id": "r3",
      "top": -5.59,
      "left": 227.08,
      "attrs": { "value": "1000" }
    },
    {
      "type": "wokwi-resistor",
      "id": "r4",
      "top": 124.84,
      "left": 232.63,
      "attrs": { "value": "1000" }
    },
    {
      "type": "wokwi-pir-motion-sensor",
      "id": "pir1",
      "top": -120.8,
      "left": -16.98,
      "attrs": {}
    },
    {
      "type": "wokwi-lcd2004",
      "id": "lcd2",
      "top": 160.65,
      "left": 211.58,
      "attrs": { "pins": "i2c" }
    },
    {
      "type": "wokwi-led",
      "id": "led1",
      "top": -22.86,
      "left": 322.37,
      "attrs": { "color": "yellow" }
    },
    {
      "type": "wokwi-led",
      "id": "led2",
      "top": 40.21,
      "left": 346.89,
      "attrs": { "color": "red" }
    },
    {
      "type": "wokwi-led",
      "id": "led3",
      "top": 74.38,
      "left": 397.7,
      "attrs": { "color": "blue" }
    },
    {
      "type": "wokwi-led",
      "id": "led4",
      "top": -78.05,
      "left": 302.23,
      "attrs": { "color": "purple", "flip": "1" }
    }
  ],
  "connections": [
    [ "esp:TX0", "$serialMonitor:RX", "", [] ],
    [ "esp:RX0", "$serialMonitor:TX", "", [] ],
    [ "esp:VIN", "ultrasonic1:VCC", "red", [ "h-146.45", "v-116.02" ] ],
    [ "esp:D13", "ultrasonic1:TRIG", "gold", [ "h-140.32", "v-97.02" ] ],
    [ "esp:GND.2", "ultrasonic1:GND", "violet", [ "h0" ] ],
    [ "esp:D12", "ultrasonic1:ECHO", "green", [ "h0" ] ],
    [ "esp:3V3", "pir1:VCC", "blue", [ "v-0.39", "h12.17", "v65.7", "h-134.9", "v-250.53" ] ],
    [ "esp:D34", "pir1:OUT", "cyan", [ "h-16.8", "v-64.93", "h59.57", "v-1.75" ] ],
    [ "pir1:GND", "esp:GND.2", "violet", [ "v22.67", "h-93.02", "v148.04" ] ],
    [ "lcd2:SCL", "esp:D22", "limegreen", [ "h-40.74", "v-188.65" ] ],
    [ "lcd2:VCC", "esp:VIN", "red", [ "h-96.8", "v43.21", "h-184.83", "v-89.35" ] ],
    [ "lcd2:GND", "esp:GND.1", "black", [ "h-95.05", "v-43.65" ] ],
    [ "esp:D23", "r3:1", "purple", [ "h123.42", "v-17.43" ] ],
    [ "r3:2", "led4:C", "purple", [ "v0.18", "h40.51" ] ],
    [ "led4:A", "esp:GND.1", "black", [ "v24.75", "h-197.58", "v156.8" ] ],
    [ "led1:C", "esp:GND.1", "black", [ "v22.12", "h-187.06", "v106", "h8.76" ] ],
    [ "led2:C", "esp:GND.1", "black", [ "v30", "h-227.35", "v34.16" ] ],
    [ "led3:C", "esp:GND.1", "black", [ "v33.5", "h-3.97" ] ],
    [ "esp:D15", "r4:1", "blue", [ "h0" ] ],
    [ "r4:2", "led3:A", "blue", [ "v1.15", "h133.07" ] ],
    [ "esp:D2", "led2:A", "red", [ "h0" ] ],
    [ "esp:D4", "led1:A", "yellow", [ "h20.93", "v-51.24", "h242.65" ] ],
    [ "esp:D21", "lcd2:SDA", "white", [ "h100.64", "v-2.02" ] ]
  ],
  "dependencies": {}
}