{
  "version": 1,
  "author": "Bolu Agbana (OBAA)",
  "editor": "wokwi",
  "parts": [
    { "type": "board-esp32-devkit-c-v4", "id": "esp", "top": -19.2, "left": -225.56, "attrs": {} },
    { "type": "chip-fake-gps", "id": "chip2", "top": -18.18, "left": 24, "attrs": {} }
  ],
  "connections": [
    [ "esp:TX", "$serialMonitor:RX", "", [] ],
    [ "esp:RX", "$serialMonitor:TX", "", [] ],
    [ "esp:GND.2", "chip2:GND", "#8f4814", [ "v0" ] ],
    [ "chip2:VCC", "esp:5V", "red", [ "h0" ] ],
    [ "chip2:TX", "esp:16", "purple", [ "h0" ] ],
    [ "chip2:RX", "esp:17", "orange", [ "h0" ] ]
  ],
  "dependencies": {}
}